,body,mouth,eye
405,0.48539473684210516,0.6498333333333334,1.522
450,0.5136315789473684,1.0435,1.4485000000000001
620,1.9596052631578948,0.6463333333333333,3.3499999999999996
